{
  "manifest": {
    "publishingInformation": {
      "locales": {
        "es-MX": {
          "summary": "calculadora uthh",
          "examplePhrases": [
            "Alexa, Abre calculadora uthh",
            "hola mundo",
            "ayuda"
          ],
          "keywords": [
            "Calculadora",
            "uthh"
          ],
          "name": "CalculadoraUthh",
          "description": "Calculadora uthh tiene las propiedades basicas de una calculdora mas el aditamento de tener un conversor de unidades de medida",
          "smallIconUri": "file://assets/images/es-MX_smallIconUri.png",
          "updatesDescription": "conversor de unidades de medida",
          "largeIconUri": "file://assets/images/es-MX_largeIconUri.png"
        }
      },
      "automaticDistribution": {
        "isActive": false
      },
      "isAvailableWorldwide": true,
      "testingInstructions": "{\"ask_dist_username\":\"\",\"ask_dist_password\":\"\",\"ask_dist_testing_instructions\":\"Sample Testing Instructions.\"}",
      "category": "EDUCATION_AND_REFERENCE",
      "distributionMode": "PUBLIC",
      "distributionCountries": []
    },
    "apis": {
      "custom": {
        "endpoint": {
          "uri": "arn:aws:lambda:us-east-1:905418406238:function:580b2e69-dd54-464c-b0e6-33907c6e4e2b:Release_0"
        },
        "interfaces": [],
        "locales": {},
        "regions": {
          "EU": {
            "endpoint": {
              "uri": "arn:aws:lambda:eu-west-1:905418406238:function:580b2e69-dd54-464c-b0e6-33907c6e4e2b:Release_0"
            }
          },
          "NA": {
            "endpoint": {
              "uri": "arn:aws:lambda:us-east-1:905418406238:function:580b2e69-dd54-464c-b0e6-33907c6e4e2b:Release_0"
            }
          },
          "FE": {
            "endpoint": {
              "uri": "arn:aws:lambda:us-west-2:905418406238:function:580b2e69-dd54-464c-b0e6-33907c6e4e2b:Release_0"
            }
          }
        }
      }
    },
    "manifestVersion": "1.0",
    "privacyAndCompliance": {
      "allowsPurchases": false,
      "locales": {
        "es-MX": {
          "termsOfUseUrl": "https://developer.amazon.com/es/support/legal/tou",
          "privacyPolicyUrl": "https://developer.amazon.com/es/support/legal/da"
        }
      },
      "containsAds": false,
      "isExportCompliant": true,
      "isChildDirected": true,
      "shoppingKit": {
        "isShoppingActionsEnabled": false,
        "isAmazonAssociatesOnAlexaEnabled": false
      },
      "usesPersonalInfo": false
    }
  }
}